indicator,iso3,value
population,AFE,731821393.0
population,AFW,496366058.0
population,ARB,471352066.0
population,CSS,4497310.0
population,CEB,100071871.0
population,EAR,3470644834.0
population,EAS,2379617118.0
population,EAP,2133560408.0
population,TEA,2107261123.0
population,EMU,354666175.0
population,ECS,924267385.0
population,ECA,250514347.0
population,TEC,460942269.0
population,EUU,447203596.0
population,HPC,892885172.0
population,IBD,4928196300.0
population,IBT,6793703268.0
population,IDB,651895919.0
population,IDX,1213611049.0
population,IDA,1865506968.0
population,LTE,2323799602.0
population,LCN,653108131.0
population,LAC,613861839.0
population,TLA,637837815.0
population,LDC,1133564482.0
population,LMY,6590522389.0
population,MEA,782349366.0
population,MNA,716508657.0
population,TMN,711465045.0
population,MIC,5882746344.0
population,NAC,373011185.0
population,OED,1378591781.0
population,OSS,12699005.0
population,PSS,2656049.0
population,PST,1117420833.0
population,PRE,1050180429.0
population,SST,19852364.0
population,SAS,1648009565.0
population,TSA,1648009565.0
population,SSF,1228187451.0
population,SSA,1228067573.0
population,TSS,1228187451.0
population,WLD,7988550201.0
population,AFG,40578842.0
population,ALB,2451636.0
population,DZA,45477389.0
population,ASM,48342.0
population,AND,79705.0
population,AGO,35635029.0
population,ATG,92840.0
population,ARG,45407904.0
population,ARM,2969200.0
population,ABW,107310.0
population,AUS,26018721.0
population,AUT,9041851.0
population,AZE,10141756.0
population,BHS,397538.0
population,BHR,1524693.0
population,BGD,169384897.0
population,BRB,282318.0
population,BLR,9228071.0
population,BEL,11680210.0
population,BLZ,402733.0
population,BEN,13759501.0
population,BMU,64749.0
population,BTN,780914.0
population,BOL,12077154.0
population,BIH,3204802.0
population,BWA,2439892.0
population,BRA,210306415.0
population,VGB,38319.0
population,BRN,455370.0
population,BGR,6465097.0
population,BFA,22509038.0
population,BDI,13321097.0
population,CPV,519741.0
population,KHM,17201724.0
population,CMR,27632771.0
population,CAN,38950132.0
population,CYM,71591.0
population,CAF,5098039.0
population,TCD,18455316.0
population,CHI,167215.0
population,CHL,19553036.0
population,CHN,1412175000.0
population,COL,51737944.0
population,COM,834188.0
population,COD,102396968.0
population,COG,6035104.0
population,CRI,5081765.0
population,CIV,30395002.0
population,HRV,3855641.0
population,CUB,11059820.0
population,CUW,153321.0
population,CYP,1331370.0
population,CZE,10672118.0
population,DNK,5903037.0
population,DJI,1137096.0
population,DMA,66826.0
population,DOM,11230734.0
population,ECU,17823897.0
population,EGY,112618250.0
population,SLV,6280319.0
population,GNQ,1803545.0
population,ERI,3409447.0
population,EST,1348840.0
population,SWZ,1218917.0
population,ETH,125384287.0
population,FRO,53903.0
population,FJI,919422.0
population,FIN,5556106.0
population,FRA,68184457.0
population,PYF,280378.0
population,GAB,2430747.0
population,GMB,2636470.0
population,GEO,3712502.0
population,DEU,83177813.0
population,GHA,33149152.0
population,GIB,37609.0
population,GRC,10437805.0
population,GRL,56661.0
population,GRD,116913.0
population,GUM,165180.0
population,GTM,17847877.0
population,GIN,14055137.0
population,GNB,2105529.0
population,GUY,821637.0
population,HTI,11503606.0
population,HND,10463872.0
population,HKG,7346100.0
population,HUN,9605074.0
population,ISL,382003.0
population,IND,1425423212.0
population,IDN,278830529.0
population,IRN,89524246.0
population,IRQ,44070551.0
population,IRL,5212836.0
population,IMN,84132.0
population,ISR,9557500.0
population,ITA,59013667.0
population,JAM,2839144.0
population,JPN,125124989.0
population,JOR,11256263.0
population,KAZ,20034609.0
population,KEN,54252461.0
population,KIR,130469.0
population,PRK,26328845.0
population,KOR,51672569.0
population,XKX,1768096.0
population,KWT,4589643.0
population,KGZ,6975220.0
population,LAO,7559007.0
population,LVA,1879383.0
population,LBN,5744489.0
population,LSO,2286110.0
population,LBR,5373294.0
population,LBY,7223805.0
population,LIE,39493.0
population,LTU,2831639.0
population,LUX,653103.0
population,MAC,677300.0
population,MDG,30437261.0
population,MWI,20568728.0
population,MYS,34695493.0
population,MDV,524106.0
population,MLI,23072640.0
population,MLT,531113.0
population,MHL,40077.0
population,MRT,4875637.0
population,MUS,1262523.0
population,MEX,128613117.0
population,FSM,112114.0
population,MDA,2528654.0
population,MCO,38931.0
population,MNG,3433748.0
population,MNE,623591.0
population,MAR,37329064.0
population,MOZ,32656246.0
population,MMR,53756787.0
population,NAM,2889662.0
population,NRU,11801.0
population,NPL,29715436.0
population,NLD,17700982.0
population,NCL,287123.0
population,NZL,5081700.0
population,NIC,6730654.0
population,NER,25311973.0
population,NGA,223150896.0
population,MKD,1831712.0
population,MNP,46078.0
population,NOR,5457127.0
population,OMN,4730226.0
population,PAK,243700667.0
population,PLW,17759.0
population,PAN,4400773.0
population,PNG,10203169.0
population,PRY,6760464.0
population,PER,33475438.0
population,PHL,113964338.0
population,POL,36821749.0
population,PRT,10434332.0
population,PRI,3220148.0
population,QAT,2657333.0
population,ROU,19048502.0
population,RUS,144236933.0
population,RWA,13651030.0
population,WSM,215261.0
population,SMR,33755.0
population,STP,226305.0
population,SAU,32175224.0
population,SEN,17651103.0
population,SRB,6664449.0
population,SYC,119878.0
population,SLE,8276807.0
population,SGP,5637022.0
population,SXM,42139.0
population,SVK,5431752.0
population,SVN,2112076.0
population,SLB,781066.0
population,SOM,17801897.0
population,ZAF,62378410.0
population,SSD,11021177.0
population,ESP,47786102.0
population,LKA,22181000.0
population,KNA,46709.0
population,LCA,178781.0
population,MAF,28870.0
population,VCT,102046.0
population,SDN,49383346.0
population,SUR,623164.0
population,SWE,10486941.0
population,CHE,8777088.0
population,SYR,22462173.0
population,TJK,10182222.0
population,TZA,64711821.0
population,THA,71735329.0
population,TLS,1369295.0
population,TGO,8068616.0
population,TON,105042.0
population,TTO,1365805.0
population,TUN,12119334.0
population,TUR,84979913.0
population,TKM,7230193.0
population,TCA,45847.0
population,TUV,9992.0
population,UGA,47312719.0
population,UKR,41048766.0
population,ARE,10074977.0
population,GBR,67636000.0
population,USA,333996304.0
population,URY,3390913.0
population,UZB,34938955.0
population,VUT,313046.0
population,VEN,28213017.0
population,VNM,99680655.0
population,VIR,105413.0
population,PSE,5043612.0
population,YEM,38222876.0
population,ZMB,20152938.0
population,ZWE,16069056.0
gdp,AFE,1226461319482.05
gdp,AFW,1063748247138.21
gdp,ARB,3752344988903.0
gdp,CSS,78475897832.9531
gdp,CEB,1954028005289.23
gdp,EAR,13943279396110.6
gdp,EAS,31457553986143.5
gdp,EAP,21564016559632.4
gdp,TEA,21537381722236.2
gdp,EMU,14578675912327.5
gdp,ECS,25850174701132.2
gdp,ECA,1819829713206.56
gdp,TEC,5264957389633.5
gdp,EUU,17023620598906.4
gdp,HPC,1002950189402.75
gdp,IBD,37847494888632.6
gdp,IBT,40927482641799.6
gdp,IDB,1461048245644.69
gdp,IDX,1618939507522.38
gdp,IDA,3079987753167.07
gdp,LTE,28553586772075.8
gdp,LCN,6147092422711.93
gdp,LAC,5425723261080.83
gdp,TLA,5853946060777.18
gdp,LDC,1471699265269.38
gdp,LMY,37082867531465.4
gdp,MEA,5035779695254.83
gdp,MNA,2165681910516.43
gdp,TMN,2146516410516.43
gdp,MIC,36531426959364.9
gdp,NAC,28262944669046.3
gdp,OED,61286449816069.9
gdp,OSS,181929859029.679
gdp,PSS,10469882963.8981
gdp,PST,57655583144884.1
gdp,PRE,1857970259244.7
gdp,SST,270875639826.53
gdp,SAS,3834471492016.05
gdp,TSA,3834471492016.05
gdp,SSF,2290209566620.26
gdp,SSA,2288209678021.0
gdp,TSS,2290209566620.26
gdp,WLD,102862471365575.0
gdp,AFG,14497243872.1337
gdp,ALB,19017247013.8821
gdp,DZA,225581644702.568
gdp,ASM,871000000.0
gdp,AND,3380612573.4825
gdp,AGO,128233959333.275
gdp,ATG,1857114814.81481
gdp,ARG,633993756301.08
gdp,ARM,19513506553.1251
gdp,ABW,3326671314.7742
gdp,AUS,1695627535475.8
gdp,AUT,473221298968.216
gdp,AZE,78807470588.2353
gdp,BHS,13896800000.0
gdp,BHR,46458191489.3617
gdp,BGD,460131689083.083
gdp,BRB,6886644900.0
gdp,BLR,73775179924.603
gdp,BEL,591474463578.602
gdp,BLZ,2846604350.0
gdp,BEN,17425405090.862
gdp,BMU,7767884000.0
gdp,BTN,2898227743.75576
gdp,BOL,50959081953.6903
gdp,BIH,24534663636.1778
gdp,BWA,20321150599.1523
gdp,BRA,1951923942083.32
gdp,BRN,16681536466.7183
gdp,BGR,90510784777.6397
gdp,BFA,18622421394.6133
gdp,BDI,4020736756.64256
gdp,CPV,2247003344.34242
gdp,KHM,39994532959.6074
gdp,CMR,44347206072.5513
gdp,CAN,2200562785046.32
gdp,CYM,6653516041.43929
gdp,CAF,2382618615.01694
gdp,TCD,17828508289.6049
gdp,CHI,11308272505.183
gdp,CHL,301099244104.003
gdp,CHN,18316765021690.2
gdp,COL,345632492851.448
gdp,COM,1279542248.96288
gdp,COD,70422346142.2023
gdp,COG,15817030154.6941
gdp,CRI,71001226360.8008
gdp,CIV,70922824813.9102
gdp,HRV,71196460236.6301
gdp,CUB,107352000000.0
gdp,CUW,3075180837.98883
gdp,CYP,31218047043.8386
gdp,CZE,301831228325.556
gdp,DNK,400114306337.077
gdp,DJI,3562814908.76149
gdp,DMA,623062962.962963
gdp,DOM,113478103598.499
gdp,ECU,116133121000.0
gdp,EGY,476747720364.742
gdp,SLV,31870110000.0
gdp,GNQ,13687643435.6249
gdp,EST,38226641740.29
gdp,SWZ,4746660273.50829
gdp,ETH,123140304665.399
gdp,FRO,3615241800.50058
gdp,FJI,4977861885.60316
gdp,FIN,280253099309.34
gdp,FRA,2794788137066.94
gdp,PYF,5622688338.06317
gdp,GAB,20440655695.229
gdp,GMB,2204734527.88096
gdp,GEO,24984568959.605
gdp,DEU,4201021706478.62
gdp,GHA,73919003212.1998
gdp,GRC,217990189600.69
gdp,GRL,3152334771.77992
gdp,GRD,1224007407.40741
gdp,GUM,6910000000.0
gdp,GTM,95609727055.5754
gdp,GIN,19910452541.9219
gdp,GNB,1856239954.81555
gdp,GUY,14718388489.2086
gdp,HTI,20113007125.93
gdp,HND,31426041806.7985
gdp,HKG,358673532516.529
gdp,HUN,177002580544.155
gdp,ISL,29176227825.4736
gdp,IND,3249938492013.47
gdp,IDN,1319101183380.15
gdp,IRN,422662261525.665
gdp,IRQ,287372232137.931
gdp,IRL,548341794599.09
gdp,IMN,7431257410.92713
gdp,ISR,525157951212.871
gdp,ITA,2104067630319.46
gdp,JAM,18813516805.214
gdp,JPN,4447976207314.78
gdp,JOR,53516930140.8451
gdp,KAZ,225496328925.494
gdp,KEN,114448978152.637
gdp,KIR,271214374.500577
gdp,KOR,1799363116866.52
gdp,XKX,9367633202.54673
gdp,KWT,183502046693.878
gdp,KGZ,12134931017.9465
gdp,LAO,15468785203.7532
gdp,LVA,38003198508.9107
gdp,LBN,20992421948.8081
gdp,LSO,2354980960.02697
gdp,LBR,4001047000.0
gdp,LBY,43246297921.8499
gdp,LIE,7426856242.7736
gdp,LTU,70639687325.6326
gdp,LUX,80801680397.0139
gdp,MAC,24929307447.3237
gdp,MDG,15342178598.2475
gdp,MWI,12429059928.102
gdp,MYS,407830525989.553
gdp,MDV,6177123352.26211
gdp,MLI,22539987718.7642
gdp,MLT,18938869147.0818
gdp,MHL,258723500.0
gdp,MRT,9562497460.55394
gdp,MUS,12936444123.3037
gdp,MEX,1466934724243.38
gdp,FSM,415232900.0
gdp,MDA,14525337523.7271
gdp,MCO,8800432773.73544
gdp,MNG,17146471713.748
gdp,MNE,6259721790.0652
gdp,MAR,131245312804.483
gdp,MOZ,18884232598.8698
gdp,MMR,62253049891.6449
gdp,NAM,12569449123.3661
gdp,NRU,180671357.349805
gdp,NPL,41182939519.8161
gdp,NLD,1046540797548.64
gdp,NCL,9623318718.31459
gdp,NZL,249723029451.237
gdp,NIC,15634573555.9049
gdp,NER,15531799640.9005
gdp,NGA,646950257575.455
gdp,MKD,13932436550.0883
gdp,MNP,1096000000.0
gdp,NOR,617321834098.986
gdp,OMN,109852795838.752
gdp,PAK,374890295666.694
gdp,PLW,247470812.5
gdp,PAN,76479304500.0
gdp,PNG,31653230962.4549
gdp,PRY,41841201626.7253
gdp,PER,246169867862.821
gdp,PHL,404353369604.631
gdp,POL,695607470875.276
gdp,PRT,256898677175.024
gdp,PRI,113843700000.0
gdp,QAT,235709325714.286
gdp,ROU,295317862855.924
gdp,RUS,2292495097681.47
gdp,RWA,13747404814.2677
gdp,WSM,889554711.842341
gdp,SMR,1831701022.87082
gdp,STP,540809499.189348
gdp,SAU,1239075200000.0
gdp,SEN,27783332222.6759
gdp,SRB,66809895701.2152
gdp,SYC,1999888599.25474
gdp,SLE,7121125277.18159
gdp,SGP,514252535238.749
gdp,SXM,1592564636.87151
gdp,SVK,115792972358.209
gdp,SVN,59899117741.0022
gdp,SLB,1466670929.62333
gdp,SOM,10203000000.0
gdp,ZAF,407596043067.885
gdp,SSD,11997800760.2242
gdp,ESP,1448850658406.62
gdp,LKA,74143020303.663
gdp,KNA,981429629.62963
gdp,LCA,2319888888.88889
gdp,MAF,649206262.847519
gdp,VCT,989188888.888889
gdp,SDN,51666875363.0963
gdp,SUR,3791603200.0259
gdp,SWE,575071237640.921
gdp,CHE,858479038993.75
gdp,SYR,23737634644.3994
gdp,TJK,10713525200.3998
gdp,TZA,75749121846.9703
gdp,THA,495691837308.033
gdp,TLS,3208599900.0
gdp,TGO,8646453099.4124
gdp,TON,556514556.392844
gdp,TTO,28341164301.126
gdp,TUN,44929920092.7955
gdp,TUR,926097476913.818
gdp,TKM,37583913148.2791
gdp,TCA,1434119000.0
gdp,TUV,54104146.3198082
gdp,UGA,45565333210.9108
gdp,UKR,161989520721.19
gdp,ARE,511403404642.173
gdp,GBR,3181244350465.41
gdp,USA,26054614000000.0
gdp,URY,71240669088.0587
gdp,UZB,94286355836.1594
gdp,VUT,1151863789.76624
gdp,VEN,89013251020.9831
gdp,VNM,413445230668.578
gdp,VIR,4672000000.0
gdp,PSE,19165500000.0
gdp,YEM,21606160663.0318
gdp,ZMB,29163782140.4858
gdp,ZWE,40757585308.5016
land_area,AFE,14856891.3
land_area,AFW,9045773.0
land_area,ARB,13100560.0
land_area,CSS,412817.61
land_area,CEB,1104902.13
land_area,EAR,33328825.942
land_area,EAS,24449046.47
land_area,EAP,16001114.47
land_area,TEA,15881184.47
land_area,EMU,2836205.841
land_area,ECS,27431739.605
land_area,ECA,5907470.32
land_area,TEC,22985030.32
land_area,EUU,3988087.571
land_area,HPC,19409121.0
land_area,IBD,70783065.492
land_area,IBT,96098512.402
land_area,IDB,4914875.91
land_area,IDX,20400571.0
land_area,IDA,25315446.91
land_area,LTE,44534846.96
land_area,LCN,20055677.312
land_area,LAC,18773907.672
land_area,TLA,19930599.312
land_area,LDC,20359188.0
land_area,LMY,77989755.762
land_area,MEA,12640229.0
land_area,MNA,10057959.0
land_area,TMN,10051934.0
land_area,MIC,63298778.762
land_area,NAC,17936174.0
land_area,OED,35322628.841
land_area,OSS,274898.0
land_area,PSS,64150.0
land_area,PST,31160068.201
land_area,PRE,20320555.5
land_area,SST,751865.61
land_area,SAS,3347100.0
land_area,TSA,3347100.0
land_area,SSF,23902664.3
land_area,SSA,23902204.3
land_area,TSS,23902664.3
land_area,WLD,129762630.687
land_area,AFG,652230.0
land_area,ALB,27400.0
land_area,DZA,2381740.0
land_area,ASM,200.0
land_area,AND,470.0
land_area,AGO,1246700.0
land_area,ATG,440.0
land_area,ARG,2736690.0
land_area,ARM,28198.32
land_area,ABW,180.0
land_area,AUS,7692020.0
land_area,AUT,82520.0
land_area,AZE,82650.0
land_area,BHS,10010.0
land_area,BHR,790.0
land_area,BGD,130260.0
land_area,BRB,430.0
land_area,BLR,202990.0
land_area,BEL,30494.0
land_area,BLZ,22810.0
land_area,BEN,112760.0
land_area,BMU,54.0
land_area,BTN,38140.0
land_area,BOL,1083300.0
land_area,BIH,51200.0
land_area,BWA,566730.0
land_area,BRA,8358140.0
land_area,VGB,150.0
land_area,BRN,5270.0
land_area,BGR,108560.0
land_area,BFA,273600.0
land_area,BDI,25680.0
land_area,CPV,4030.0
land_area,KHM,176520.0
land_area,CMR,472710.0
land_area,CAN,8788700.0
land_area,CYM,240.0
land_area,CAF,622980.0
land_area,TCD,1259200.0
land_area,CHI,198.0
land_area,CHL,742831.64
land_area,CHN,9388210.0
land_area,COL,1109500.0
land_area,COM,1861.0
land_area,COD,2267050.0
land_area,COG,341500.0
land_area,CRI,51060.0
land_area,CIV,318000.0
land_area,HRV,55960.0
land_area,CUB,103800.0
land_area,CUW,444.0
land_area,CYP,9240.0
land_area,CZE,77171.73
land_area,DNK,40000.0
land_area,DJI,23180.0
land_area,DMA,750.0
land_area,DOM,48198.02
land_area,ECU,248360.0
land_area,EGY,995450.0
land_area,SLV,20720.0
land_area,GNQ,28050.0
land_area,ERI,121178.2
land_area,EST,42730.0
land_area,SWZ,17200.0
land_area,ETH,1128498.8
land_area,FRO,1370.0
land_area,FJI,18270.0
land_area,FIN,303947.7
land_area,FRA,538950.0
land_area,PYF,3471.0
land_area,GAB,257670.0
land_area,GMB,10120.0
land_area,GEO,69490.0
land_area,DEU,349360.0
land_area,GHA,227533.0
land_area,GIB,10.0
land_area,GRC,128900.0
land_area,GRL,410450.0
land_area,GRD,340.0
land_area,GUM,540.0
land_area,GTM,107160.0
land_area,GIN,245720.0
land_area,GNB,28120.0
land_area,GUY,211140.0
land_area,HTI,27560.0
land_area,HND,111890.0
land_area,HKG,1050.0
land_area,HUN,91260.0
land_area,ISL,100830.0
land_area,IND,2973190.0
land_area,IDN,1892555.47
land_area,IRN,1622500.0
land_area,IRQ,434130.0
land_area,IRL,68890.0
land_area,IMN,570.0
land_area,ISR,21640.0
land_area,ITA,295720.0
land_area,JAM,10830.0
land_area,JPN,364500.0
land_area,JOR,88794.0
land_area,KAZ,2699700.0
land_area,KEN,580876.3
land_area,KIR,810.0
land_area,PRK,120410.0
land_area,KOR,97600.0
land_area,KWT,17820.0
land_area,KGZ,191800.0
land_area,LAO,230800.0
land_area,LVA,62230.0
land_area,LBN,10230.0
land_area,LSO,30360.0
land_area,LBR,96320.0
land_area,LBY,1759540.0
land_area,LIE,160.0
land_area,LTU,62604.0
land_area,LUX,2574.46
land_area,MAC,33.0
land_area,MDG,581800.0
land_area,MWI,94280.0
land_area,MYS,328550.0
land_area,MDV,300.0
land_area,MLI,1220190.0
land_area,MLT,320.0
land_area,MHL,180.0
land_area,MRT,1030700.0
land_area,MUS,1997.0
land_area,MEX,1943950.0
land_area,FSM,700.0
land_area,MDA,32880.0
land_area,MCO,2.084
land_area,MNG,1557510.0
land_area,MNE,13450.0
land_area,MAR,446300.0
land_area,MOZ,786380.0
land_area,MMR,652670.0
land_area,NAM,823290.0
land_area,NRU,20.0
land_area,NPL,143350.0
land_area,NLD,33670.0
land_area,NCL,18280.0
land_area,NZL,263310.0
land_area,NIC,120340.0
land_area,NER,1266700.0
land_area,NGA,910770.0
land_area,MKD,25220.0
land_area,MNP,460.0
land_area,NOR,364270.0
land_area,OMN,309500.0
land_area,PAK,770880.0
land_area,PLW,460.0
land_area,PAN,74180.0
land_area,PNG,452860.0
land_area,PRY,396012.042
land_area,PER,1280000.0
land_area,PHL,298170.0
land_area,POL,306090.0
land_area,PRT,91605.6
land_area,PRI,8870.0
land_area,QAT,11490.0
land_area,ROU,230080.0
land_area,RUS,16376870.0
land_area,RWA,24670.0
land_area,WSM,2780.0
land_area,SMR,60.0
land_area,STP,960.0
land_area,SAU,2149690.0
land_area,SEN,192530.0
land_area,SRB,84090.0
land_area,SYC,460.0
land_area,SLE,72180.0
land_area,SGP,718.0
land_area,SXM,34.0
land_area,SVK,48080.0
land_area,SVN,20136.4
land_area,SLB,27990.0
land_area,SOM,627340.0
land_area,ZAF,1213090.0
land_area,SSD,631930.0
land_area,ESP,499713.681
land_area,LKA,61860.0
land_area,KNA,260.0
land_area,LCA,610.0
land_area,MAF,50.0
land_area,VCT,390.0
land_area,SDN,1868000.0
land_area,SUR,160507.61
land_area,SWE,407280.0
land_area,CHE,39509.63
land_area,SYR,183630.0
land_area,TJK,138790.0
land_area,TZA,885800.0
land_area,THA,510890.0
land_area,TLS,14870.0
land_area,TGO,54390.0
land_area,TON,720.0
land_area,TTO,5130.0
land_area,TUN,155360.0
land_area,TUR,769630.0
land_area,TKM,469930.0
land_area,TCA,950.0
land_area,TUV,30.0
land_area,UGA,200520.0
land_area,UKR,579400.0
land_area,ARE,71020.0
land_area,GBR,241930.0
land_area,USA,9147420.0
land_area,URY,175020.0
land_area,UZB,440652.0
land_area,VUT,12190.0
land_area,VEN,882050.0
land_area,VNM,313429.0
land_area,VIR,350.0
land_area,PSE,6025.0
land_area,YEM,527970.0
land_area,ZMB,743390.0
land_area,ZWE,386850.0
co2_emissions,AFE,618.5414
co2_emissions,AFW,259.3996
co2_emissions,ARB,2106.1097
co2_emissions,CSS,38.6415
co2_emissions,CEB,677.6702
co2_emissions,EAR,8384.8177
co2_emissions,EAS,16646.2615
co2_emissions,EAP,14465.3873
co2_emissions,TEA,14406.9818
co2_emissions,EMU,2153.5179
co2_emissions,ECS,6270.5723
co2_emissions,ECA,1220.7417
co2_emissions,TEC,3566.9294
co2_emissions,EUU,2748.6639
co2_emissions,HPC,288.2233
co2_emissions,IBD,24350.696
co2_emissions,IBT,25454.3567
co2_emissions,IDB,577.3607
co2_emissions,IDX,526.3
co2_emissions,IDA,1103.6607
co2_emissions,LTE,17624.7395
co2_emissions,LCN,1724.8616
co2_emissions,LAC,1556.8289
co2_emissions,TLA,1688.5718
co2_emissions,LDC,434.1375
co2_emissions,LMY,23033.9892
co2_emissions,MEA,3182.5394
co2_emissions,MNA,1946.8373
co2_emissions,TMN,1946.8373
co2_emissions,MIC,22817.5996
co2_emissions,NAC,5391.8592
co2_emissions,OED,11616.9634
co2_emissions,OSS,48.9021
co2_emissions,PSS,3.9722
co2_emissions,PST,10444.4388
co2_emissions,PRE,603.2307
co2_emissions,SST,91.5158
co2_emissions,SAS,2967.0954
co2_emissions,TSA,2967.0954
co2_emissions,SSF,877.941
co2_emissions,SSA,877.0986
co2_emissions,TSS,877.941
co2_emissions,WLD,38548.1189427624
co2_emissions,AFG,11.298
co2_emissions,ALB,4.5239
co2_emissions,DZA,189.1886
co2_emissions,ASM,0.0001
co2_emissions,AGO,26.6839
co2_emissions,ATG,0.343
co2_emissions,ARG,195.0411
co2_emissions,ARM,7.7742
co2_emissions,ABW,0.5355
co2_emissions,AUS,378.0651
co2_emissions,AUT,62.6472
co2_emissions,AZE,39.6836
co2_emissions,BHS,1.4055
co2_emissions,BHR,38.8307
co2_emissions,BGD,120.8657
co2_emissions,BRB,0.6889
co2_emissions,BLR,55.8945
co2_emissions,BEL,89.6767
co2_emissions,BLZ,0.3545
co2_emissions,BEN,7.0594
co2_emissions,BMU,0.2575
co2_emissions,BTN,1.5172
co2_emissions,BOL,23.3823
co2_emissions,BIH,22.3986
co2_emissions,BWA,6.8377
co2_emissions,BRA,479.2664
co2_emissions,VGB,0.0884
co2_emissions,BRN,9.5371
co2_emissions,BGR,49.4431
co2_emissions,BFA,6.4885
co2_emissions,BDI,0.9301
co2_emissions,CPV,0.6801
co2_emissions,KHM,18.3849
co2_emissions,CMR,10.4339
co2_emissions,CAN,575.8352
co2_emissions,CYM,0.3582
co2_emissions,CAF,0.3225
co2_emissions,TCD,2.865
co2_emissions,CHL,90.4279
co2_emissions,CHN,12518.6844
co2_emissions,COL,88.3446
co2_emissions,COM,0.4298
co2_emissions,COD,6.2475
co2_emissions,COG,8.3582
co2_emissions,CRI,8.1977
co2_emissions,CIV,18.4103
co2_emissions,HRV,17.6346
co2_emissions,CUB,19.7637
co2_emissions,CYP,7.2231
co2_emissions,CZE,97.6888
co2_emissions,DNK,28.4942
co2_emissions,DJI,0.8668
co2_emissions,DMA,0.0812
co2_emissions,DOM,32.1128
co2_emissions,ECU,44.1693
co2_emissions,EGY,258.9936
co2_emissions,SLV,8.4658
co2_emissions,GNQ,5.0888
co2_emissions,ERI,0.7499
co2_emissions,EST,15.0182
co2_emissions,SWZ,1.0765
co2_emissions,ETH,18.3349
co2_emissions,FRO,0.0021
co2_emissions,FJI,1.4343
co2_emissions,FIN,37.1238
co2_emissions,FRA,307.6802
co2_emissions,PYF,0.9258
co2_emissions,GAB,5.5833
co2_emissions,GMB,0.4949
co2_emissions,GEO,13.463
co2_emissions,DEU,658.0886
co2_emissions,GHA,23.7878
co2_emissions,GIB,0.6357
co2_emissions,GRC,55.1164
co2_emissions,GRL,0.5904
co2_emissions,GRD,0.1694
co2_emissions,GUM,0.0003
co2_emissions,GTM,18.9518
co2_emissions,GIN,5.2208
co2_emissions,GNB,0.3439
co2_emissions,GUY,3.684
co2_emissions,HTI,3.3893
co2_emissions,HND,10.5707
co2_emissions,HKG,32.1322
co2_emissions,HUN,47.5733
co2_emissions,ISL,3.2394
co2_emissions,IND,2807.0805
co2_emissions,IDN,722.6996
co2_emissions,IRN,792.0589
co2_emissions,IRQ,222.2784
co2_emissions,IRL,35.6861
co2_emissions,ISR,63.6364
co2_emissions,ITA,331.006
co2_emissions,JAM,7.5151
co2_emissions,JPN,1050.5032
co2_emissions,JOR,23.338
co2_emissions,KAZ,246.5276
co2_emissions,KEN,21.9726
co2_emissions,KIR,0.0758
co2_emissions,PRK,59.8036
co2_emissions,KOR,613.5467
co2_emissions,KWT,102.6178
co2_emissions,KGZ,10.5011
co2_emissions,LAO,24.0315
co2_emissions,LVA,6.9268
co2_emissions,LBN,10.435
co2_emissions,LSO,0.9811
co2_emissions,LBR,0.8686
co2_emissions,LBY,58.1734
co2_emissions,LTU,13.1703
co2_emissions,LUX,7.2657
co2_emissions,MAC,1.6785
co2_emissions,MDG,4.384
co2_emissions,MWI,5.6023
co2_emissions,MYS,276.9845
co2_emissions,MDV,1.7895
co2_emissions,MLI,7.4928
co2_emissions,MLT,1.7963
co2_emissions,MHL,0.0001
co2_emissions,MRT,5.0263
co2_emissions,MUS,4.0499
co2_emissions,MEX,452.9546
co2_emissions,FSM,0.0002
co2_emissions,MDA,8.2882
co2_emissions,MNG,24.9553
co2_emissions,MAR,72.3256
co2_emissions,MOZ,10.8972
co2_emissions,MMR,31.031
co2_emissions,NAM,3.5799
co2_emissions,NRU,0.0
co2_emissions,NPL,15.0454
co2_emissions,NLD,133.114
co2_emissions,NCL,4.6157
co2_emissions,NZL,32.1246
co2_emissions,NIC,5.2612
co2_emissions,NER,3.2178
co2_emissions,NGA,129.0417
co2_emissions,MKD,8.2042
co2_emissions,MNP,0.0001
co2_emissions,NOR,43.5471
co2_emissions,OMN,93.1054
co2_emissions,PAK,235.3725
co2_emissions,PLW,1.3981
co2_emissions,PAN,11.4431
co2_emissions,PNG,5.5295
co2_emissions,PRY,8.0051
co2_emissions,PER,63.74
co2_emissions,PHL,151.7004
co2_emissions,POL,307.9616
co2_emissions,PRT,39.6684
co2_emissions,PRI,13.9178
co2_emissions,QAT,120.1007
co2_emissions,ROU,75.6755
co2_emissions,RUS,1895.4729
co2_emissions,RWA,2.2012
co2_emissions,WSM,0.3324
co2_emissions,STP,0.1412
co2_emissions,SAU,620.4308
co2_emissions,SEN,14.5438
co2_emissions,SYC,0.8424
co2_emissions,SLE,1.4668
co2_emissions,SGP,56.3467
co2_emissions,SVK,33.1887
co2_emissions,SVN,13.3893
co2_emissions,SLB,0.299
co2_emissions,SOM,0.8329
co2_emissions,ZAF,429.3281
co2_emissions,ESP,238.6544
co2_emissions,LKA,20.7971
co2_emissions,KNA,0.1301
co2_emissions,LCA,0.2961
co2_emissions,VCT,0.1271
co2_emissions,SDN,21.4434
co2_emissions,SUR,2.8628
co2_emissions,SWE,37.7526
co2_emissions,CHE,34.4805
co2_emissions,SYR,31.1656
co2_emissions,TJK,9.5606
co2_emissions,TZA,20.9124
co2_emissions,THA,284.314
co2_emissions,TLS,0.6946
co2_emissions,TGO,2.6044
co2_emissions,TON,0.1614
co2_emissions,TTO,28.4989
co2_emissions,TUN,30.3588
co2_emissions,TUR,444.4077
co2_emissions,TKM,101.2613
co2_emissions,TCA,0.2205
co2_emissions,TUV,0.0
co2_emissions,UGA,7.9541
co2_emissions,UKR,119.345
co2_emissions,ARE,195.184
co2_emissions,GBR,324.9949
co2_emissions,USA,4815.7665
co2_emissions,URY,8.093
co2_emissions,UZB,128.9082
co2_emissions,VUT,0.2709
co2_emissions,VEN,92.004
co2_emissions,VNM,343.9999
co2_emissions,VIR,0.0002
co2_emissions,YEM,10.9841
co2_emissions,ZMB,10.5712
co2_emissions,ZWE,11.5572
