iso3,country,region,income_group,life_expectancy,gdp_pc_ppp,health_exp_pct_gdp,school_enroll_secondary,water_access,sanitation_access,urban_pct,measles_immunization,fertility_rate
ABW,Aruba,Latin America & Caribbean ,High income,73.655,35207.1709088639,,123.625907897949,96.7397757541097,98.8005972638482,61.9275339886843,,1.631
AFG,Afghanistan,"Middle East, North Africa, Afghanistan & Pakistan",Low income,60.417,2144.16657002819,21.50844383,57.3578491210938,74.5545259961346,50.2966403259731,25.3478620272481,51.0,5.039
AGO,Angola,Sub-Saharan Africa ,Lower middle income,62.958,8720.18768742123,2.73987103,53.1351542727131,65.716257719435,50.0511353702384,68.2524163556969,48.0,5.304
ALB,Albania,Europe & Central Asia,Upper middle income,76.844,18212.794718288,7.35750389,97.665033031442,95.0815150513051,99.2990351357274,57.5077187031778,87.0,1.365
AND,Andorra,Europe & Central Asia,High income,82.331,59332.2029100127,8.64671707,98.0404205322266,100.0,100.0,88.6627318165299,99.0,1.058
ARE,United Arab Emirates,"Middle East, North Africa, Afghanistan & Pakistan",High income,79.083,68580.1312912676,5.30494308,103.210663324826,100.0,99.0936250142386,85.3571908511355,99.0,1.162
ARG,Argentina,Latin America & Caribbean ,Upper middle income,73.948,26300.274261175,11.00910187,115.735778808594,99.0413738458383,94.8209557204549,92.0292776175651,86.0,1.585
ARM,Armenia,Europe & Central Asia,Upper middle income,72.2780487804878,15921.705281964,12.32268524,91.4853735120921,99.4534764633698,93.0320229848765,65.3572875314441,94.0,1.7
ASM,American Samoa,East Asia & Pacific,High income,72.708,,,,99.9781289242709,62.1275988186987,82.2127091544092,,2.327
ATG,Antigua and Barbuda,Latin America & Caribbean ,High income,77.197,25745.4958067746,4.81315422,121.685249328613,98.9226250605056,99.6050402706189,24.574983819566,85.0,1.58
AUS,Australia,East Asia & Pacific,High income,83.3,58327.4146842325,10.51612186,135.526565551758,99.9697732704149,100.0,87.2353407632761,93.0,1.7
AUT,Austria,Europe & Central Asia,High income,81.190243902439,62968.8538770186,12.185215,102.307662963867,100.0,99.9724908948366,68.773601700253,99.0,1.48
AZE,Azerbaijan,Europe & Central Asia,Upper middle income,70.999,20111.3756952109,4.68526697,91.4106367606057,95.0977447085139,95.8663117734363,58.3659969744818,66.0,1.52
BDI,Burundi,Sub-Saharan Africa ,Low income,62.101,1032.38274081999,8.94190311,44.9151717353101,65.0493033882129,44.5545225988873,21.1108861865354,90.0,5.078
BEL,Belgium,Europe & Central Asia,High income,81.790243902439,60669.2137746534,11.28825092,143.163513183594,99.9999987625062,99.486206436114,87.4305564090635,96.0,1.6
BEN,Benin,Sub-Saharan Africa ,Lower middle income,59.61,3464.2886286745,2.91589761,44.2737998962402,68.6381245479094,20.1721169387367,50.1961807561354,53.0,4.707
BFA,Burkina Faso,Sub-Saharan Africa ,Low income,60.046,2486.43093147762,7.08691931,38.1480312365517,50.0752719507407,28.8068022658045,26.8114307743017,88.0,4.361
BGD,Bangladesh,South Asia,Lower middle income,71.103,7441.06913961254,2.26678729,66.8282318620991,98.4379436580879,61.6770898454809,31.3992156886061,97.0,2.173
BGR,Bulgaria,Europe & Central Asia,High income,71.2121951219512,30958.9830238332,8.58048916,98.7087631225586,99.2363227360567,86.0455390086067,73.346765618041,89.0,1.8
BHR,Bahrain,"Middle East, North Africa, Afghanistan & Pakistan",High income,78.083,54954.6757895532,4.32771444,102.128281941881,99.9198990209829,100.0,100.0,99.0,1.852
BHS,"Bahamas, The",Latin America & Caribbean ,High income,70.752,31064.6822166194,6.78537178,72.6381880061026,98.9452612148878,93.7100445402837,81.4784235345083,82.0,1.382
BIH,Bosnia and Herzegovina,Europe & Central Asia,Upper middle income,74.567,18286.6614977175,9.55514336,85.6761474609375,96.1188407812551,95.3850620124746,50.4899479477034,61.0,1.49
BLR,Belarus,Europe & Central Asia,Upper middle income,72.0714634146342,27611.1801135157,6.56549978,100.42063921059,99.3932172039885,99.6591219571066,78.131086803694,98.0,1.371
BLZ,Belize,Latin America & Caribbean ,Upper middle income,70.917,11716.3267818656,5.04598379,88.8215546932903,94.6148163127858,84.1586414948366,42.3910809205294,79.0,1.837
BMU,Bermuda,North America,High income,81.745,92319.6714861222,,86.8070526123047,100.0,99.9416526015971,100.0,,1.389
BOL,Bolivia,Latin America & Caribbean ,Lower middle income,61.427,11202.4409836707,8.16016769,90.4144137410078,92.1056066930792,67.2484529429256,70.3450412826165,75.0,2.618
BRA,Brazil,Latin America & Caribbean ,Upper middle income,73.038,18075.7060049068,9.63646507,106.298461914062,99.4272648803619,90.3198016289812,87.1360781715439,73.0,1.638
BRB,Barbados,Latin America & Caribbean ,High income,76.58,17686.7469386289,7.4427762,103.569473266602,99.0674985116994,97.3330327442074,59.3220365433819,77.0,1.709
BRN,Brunei Darussalam,East Asia & Pacific,High income,74.869,78248.797127611,2.14748693,86.6857810342997,100.0,98.2641900046024,74.7667316936175,99.0,1.778
BTN,Bhutan,South Asia,Lower middle income,72.448,13458.812666743,4.78581429,92.5248380307052,99.1933487306505,82.1461906791953,40.3075199874379,97.0,1.488
BWA,Botswana,Sub-Saharan Africa ,Upper middle income,63.303,17960.6254447437,6.30315065,70.6292572021484,91.6110310251098,70.9542350453954,66.5182767068255,97.0,2.827
CAF,Central African Republic,Sub-Saharan Africa ,Low income,40.279,1128.55237996459,9.15097523,15.8074398040772,36.1973817854423,13.7575074575386,42.8547782897949,34.0,6.052
CAN,Canada,North America,High income,81.4514634146342,56995.0952020711,12.38106632,108.337341308594,98.4271662446964,98.5885671606396,82.1779279079275,90.0,1.44
CHE,Switzerland,Europe & Central Asia,High income,83.7512195121951,83524.9832880195,11.95855618,103.605186462402,99.9999966128277,99.8998704339259,84.2006477608879,95.0,1.52
CHI,Channel Islands,Europe & Central Asia,High income,80.3,,,,,,32.8148141071941,,1.36
CHL,Chile,Latin America & Caribbean ,High income,78.876,29106.6356522053,9.72450161,106.673522949219,98.7780212070676,100.0,88.4660511664452,92.0,1.176
CHN,China,East Asia & Pacific,Upper middle income,78.117,20843.2978347377,5.25590324,,94.6329735273297,94.3857583646751,64.721076965332,99.0,1.117
CIV,Cote d'Ivoire,Sub-Saharan Africa ,Lower middle income,60.29,6045.20480490881,3.76207662,57.135967003236,76.3229847618577,37.704616869195,52.3183461956059,65.0,4.411
CMR,Cameroon,Sub-Saharan Africa ,Lower middle income,61.146,4793.55628200196,4.34109783,45.5255767078224,69.787122797367,45.7300133468788,54.5548664463635,65.0,4.468
COD,"Congo, Dem. Rep.",Sub-Saharan Africa ,Low income,60.044,1402.38560295221,3.86727977,55.3636283874512,35.3236207810538,16.1461710925268,43.6290681792218,55.0,6.156
COG,"Congo, Rep.",Sub-Saharan Africa ,Lower middle income,64.192,6263.21161292636,3.46133351,,73.4884211673414,20.5548099594917,63.6179125824196,68.0,4.28
COL,Colombia,Latin America & Caribbean ,Upper middle income,72.698,17383.0901728295,9.14150524,102.987998962402,96.5223081416627,93.9711220297613,77.8339570326128,86.0,1.68
COM,Comoros,Sub-Saharan Africa ,Lower middle income,65.201,3449.0435745318,6.46315002,61.7014685443494,85.368182871054,53.7961210274577,32.4124444313246,68.0,3.999
CPV,Cabo Verde,Sub-Saharan Africa ,Upper middle income,74.424,7685.41921393669,6.60773611,97.0059250429478,89.2475125078835,83.0030877232497,74.1607930892827,95.0,1.554
CRI,Costa Rica,Latin America & Caribbean ,High income,78.05,24083.5988182437,7.61130476,138.903381347656,99.8118715066538,98.265064236441,77.9868940200009,89.0,1.353
CUB,Cuba,Latin America & Caribbean ,Upper middle income,73.201,,13.78746605,100.016181545784,94.7764082535519,92.8284902817438,77.0987701416016,99.0,1.427
CUW,Curacao,Latin America & Caribbean ,High income,75.686,24905.7684266978,,129.470256951777,100.0,99.1690721651989,91.391865832772,,1.4
CYM,Cayman Islands,Latin America & Caribbean ,High income,79.3,74160.4914000191,,85.4616444648599,95.5355828220859,83.2879829754601,100.0,,1.551
CYP,Cyprus,Europe & Central Asia,High income,80.573,47632.5703125,8.87445068,102.047653198242,99.737372137771,99.4893875128893,66.6718365394971,86.0,1.392
CZE,Czechia,Europe & Central Asia,High income,77.2219512195122,47796.0337408466,9.15420723,102.089942932129,98.7326235754859,99.0721814938167,72.6810594374316,97.0,1.83
DEU,Germany,Europe & Central Asia,High income,80.790243902439,62630.7748127737,12.72403336,101.203536987305,99.9999988425523,99.2258902349631,81.6325870653934,98.0,1.58
DJI,Djibouti,"Middle East, North Africa, Afghanistan & Pakistan",Lower middle income,63.83,5960.10807396825,2.87128091,,78.9636292425205,66.8311205695029,72.2882954556515,50.0,2.699
DMA,Dominica,Latin America & Caribbean ,Upper middle income,69.832,15808.9743503945,6.31142521,105.535634244733,96.6813469673205,80.3664248800941,72.2613620044042,88.0,1.484
DNK,Denmark,Europe & Central Asia,High income,81.4048780487805,69327.998216527,10.65575886,131.772018432617,100.0,99.5972289739284,88.2616449318149,95.0,1.72
DOM,Dominican Republic,Latin America & Caribbean ,Upper middle income,71.757,22053.4589869955,5.08839989,75.7044807816311,97.3054739452924,88.5790077931484,72.9243347395035,82.0,2.294
DZA,Algeria,"Middle East, North Africa, Afghanistan & Pakistan",Upper middle income,75.208,14496.8654697299,5.02188873,,92.273231858432,85.7843029485606,73.6199218261573,79.0,2.87
ECU,Ecuador,Latin America & Caribbean ,Upper middle income,72.746,13507.4445638375,8.37526226,94.5899282617776,91.6679688457759,88.9779601085787,63.0871268249117,65.0,1.909
EGY,"Egypt, Arab Rep.","Middle East, North Africa, Afghanistan & Pakistan",Lower middle income,68.976,15579.0160861551,4.60955143,81.8833487066739,97.5013675608953,96.4288914179465,42.5686062621468,96.0,2.75
ERI,Eritrea,Sub-Saharan Africa ,Low income,66.94,,4.17839003,46.1723785400391,51.8497177620962,11.9399660140866,34.9871139526367,93.0,3.867
ESP,Spain,Europe & Central Asia,High income,83.1780487804878,44251.6658222621,10.34419918,120.135841369629,99.9253882857533,99.9188670826466,79.7846242983598,95.0,1.18
EST,Estonia,Europe & Central Asia,High income,76.9439024390244,44247.4198971873,7.47591066,113.01091003418,99.9999994683624,99.0261691561023,70.1777274135822,89.0,1.61
ETH,Ethiopia,Sub-Saharan Africa ,Low income,65.33,2588.41310213778,3.20779967,33.9114221981431,51.1547750099921,9.3447728615381,22.1067085266113,60.0,4.177
FIN,Finland,Europe & Central Asia,High income,81.8853658536585,56790.3766177692,9.90969753,143.361343383789,99.9999969157891,99.4479633785746,73.3710215780329,93.0,1.46
FJI,Fiji,East Asia & Pacific,Upper middle income,64.904,10322.4279638854,7.06084681,93.95505855048,95.4534634943263,93.3328625255853,57.6618364761928,98.0,2.332
FRA,France,Europe & Central Asia,High income,82.3243902439024,52517.3354905855,12.24894238,104.522842407227,100.0,98.6468028432762,78.7364603392338,94.0,1.83
FRO,Faroe Islands,Europe & Central Asia,High income,82.6763219512195,68433.2144298182,,,100.0,90.8834757181354,38.8083763122559,,2.3109
FSM,"Micronesia, Fed. Sts.",East Asia & Pacific,Upper middle income,66.152,3955.73141317971,11.37430477,,89.8819541513315,90.4539007167041,22.3928762855411,64.0,2.818
GAB,Gabon,Sub-Saharan Africa ,Upper middle income,67.072,18523.5798032135,2.79254127,70.2639966402203,87.9954718713657,54.3351602742865,90.7881967286967,64.0,3.776
GBR,United Kingdom,Europe & Central Asia,High income,80.6473170731707,51840.4424245515,12.08347321,113.719017028809,100.0,99.105873619579,82.9886431523641,91.0,1.583
GEO,Georgia,Europe & Central Asia,Upper middle income,71.635,18915.6534005263,10.53835487,106.201856681079,96.877911792559,88.7819724294363,59.4293560618005,90.0,1.98
GHA,Ghana,Sub-Saharan Africa ,Lower middle income,64.286,6607.50297378321,3.86030865,76.2084742091088,86.841252750433,27.7916388048117,56.6952556826536,94.0,3.492
GIB,Gibraltar,Europe & Central Asia,High income,80.274,,,101.476509094238,100.0,100.0,100.0,,1.899
GIN,Guinea,Sub-Saharan Africa ,Lower middle income,59.373,3738.8051255133,3.7175858,,70.7443560609114,30.0258495167405,36.8502178436256,51.0,4.399
GMB,"Gambia, The",Sub-Saharan Africa ,Low income,63.847,2777.79620978324,3.74321485,107.027125590442,85.696311673001,47.5364188505618,62.7550706637859,79.0,4.165
GNB,Guinea-Bissau,Sub-Saharan Africa ,Low income,61.653,2522.12869240841,8.39794922,,61.5510835646003,28.6139998460415,44.7334136962891,63.0,3.998
GNQ,Equatorial Guinea,Sub-Saharan Africa ,Upper middle income,62.447,16821.4486470413,3.5103004,,64.6658128879178,66.3127866671561,70.6431215020592,50.0,4.266
GRC,Greece,Europe & Central Asia,High income,80.0829268292683,33528.2271202515,9.03178692,104.77806854248,100.0,98.9971863349773,78.3884898647442,97.0,1.43
GRD,Grenada,Latin America & Caribbean ,Upper middle income,74.522,15290.250903138,5.27963448,100.989177237286,95.6286504435547,92.6192396904393,36.2831603706908,70.0,1.517
GRL,Greenland,Europe & Central Asia,High income,71.2614634146342,69302.0088788237,,,100.0,62.5,87.5452017613678,,1.82
GTM,Guatemala,Latin America & Caribbean ,Upper middle income,67.858,11825.141273764,7.35698891,48.157456034521,92.5346655416111,69.4621730094076,54.9047071553758,88.0,2.388
GUM,Guam,East Asia & Pacific,High income,75.434,,,,99.526767392586,90.3128042815002,94.0884327694075,,2.856
GUY,Guyana,Latin America & Caribbean ,High income,64.323,22865.9270968882,4.64326477,86.70068359375,95.3488391542383,90.6881198033659,26.443303961947,95.0,2.462
HKG,"Hong Kong SAR, China",East Asia & Pacific,High income,85.5326829268293,65884.9376260603,,100.161026837806,100.0,95.19927375677,100.0,,0.772
HND,Honduras,Latin America & Caribbean ,Lower middle income,69.492,6202.98078812037,9.27311516,54.5046566571526,94.6929450618276,84.9512648992071,57.3550236357547,81.0,2.548
HRV,Croatia,Europe & Central Asia,High income,76.4243902439025,36930.076102199,8.08265686,105.876342773438,99.9022621135501,95.7936994032533,56.7683502560171,89.0,1.62
HTI,Haiti,Latin America & Caribbean ,Lower middle income,62.613,3116.56505397604,3.57739854,,71.2216853162772,28.793303113228,53.2460637918026,63.0,2.748
HUN,Hungary,Europe & Central Asia,High income,74.0658536585366,38887.1909527154,7.33524847,99.6460494995117,99.9722511315841,97.9812382429156,70.2059275331413,99.0,1.63
IDN,Indonesia,East Asia & Pacific,Upper middle income,67.452,12757.0746440204,3.70634937,97.8441479813619,89.4041137814594,84.339850898343,56.8761702464027,72.0,2.166
IMN,Isle of Man,Europe & Central Asia,High income,80.42,,,,99.7474298387097,100.0,52.1999559660634,,1.569
IND,India,South Asia,Lower middle income,67.282,7818.65701757504,3.34680939,80.6246396728944,93.760281159736,74.9328568041953,34.4425517181304,89.0,2.014
IRL,Ireland,Europe & Central Asia,High income,82.2536585365854,116702.85817485,6.44113493,132.947692871094,97.0473662537478,89.7724871048145,63.6774229356985,90.0,1.72
IRN,"Iran, Islamic Rep.","Middle East, North Africa, Afghanistan & Pakistan",Upper middle income,73.752,15884.4276775963,4.85886621,85.1913986206055,97.5146314590197,90.3162236149744,75.9926376342773,99.0,1.709
IRQ,Iraq,"Middle East, North Africa, Afghanistan & Pakistan",Upper middle income,70.704,12731.7535755128,5.14179993,,98.3711569251332,98.4959720542325,69.8682708740234,84.0,3.358
ISL,Iceland,Europe & Central Asia,High income,83.1658536585366,62720.7916832797,9.72073746,115.156303405762,100.0,98.7799498182969,94.2108206403841,92.0,1.82
ISR,Israel,"Middle East, North Africa, Afghanistan & Pakistan",High income,82.5,46151.100820403,7.83961058,98.8700408935547,100.0,99.9301799523059,91.5353517549466,99.0,3.0
ITA,Italy,Europe & Central Asia,High income,82.6463414634146,49825.3934111848,9.28164482,101.834869384766,99.9170340740928,99.8850975832792,69.4812507629394,94.0,1.25
JAM,Jamaica,Latin America & Caribbean ,Upper middle income,69.085,10430.6909771759,8.00261688,85.8093525179856,88.5656727695016,90.0509072917054,57.5411017937226,88.0,1.378
JOR,Jordan,"Middle East, North Africa, Afghanistan & Pakistan",Upper middle income,74.204,10056.5611261239,7.69733906,90.0636022467584,99.200324026186,96.7318948068054,92.117972910453,81.0,2.735
JPN,Japan,East Asia & Pacific,High income,84.4456097560976,45999.4617966896,12.08108234,101.744400024414,99.1133201720243,99.9501173283763,91.8741049279527,95.0,1.3
KAZ,Kazakhstan,Europe & Central Asia,Upper middle income,70.131,32945.8515725823,3.98701859,94.310522086739,97.2275162757939,97.9538478987078,61.030254280267,97.0,3.32
KEN,Kenya,Sub-Saharan Africa ,Lower middle income,61.225,5338.85243382781,4.56992722,80.3774269704216,63.1426684243247,38.7368777065186,31.2879334021971,90.0,3.312
KGZ,Kyrgyz Republic,Europe & Central Asia,Lower middle income,71.9,5736.47883415154,5.35275602,92.5062000270634,93.250254637138,98.1478549913374,34.7521210171204,93.0,2.89
KHM,Cambodia,East Asia & Pacific,Lower middle income,69.301,6225.53265474741,6.33888054,54.2809323078227,79.7640004029773,73.7752065517154,40.1091858128847,83.0,2.664
KIR,Kiribati,East Asia & Pacific,Lower middle income,64.148,3024.21029665634,11.83228588,87.142166928373,77.5479842310266,44.6738091395008,59.6364645301985,80.0,3.219
KNA,St. Kitts and Nevis,Latin America & Caribbean ,High income,69.271,26896.6177065978,6.16912127,123.94677734375,98.6118541324065,94.9535945166888,31.5393525093972,96.0,1.531
KOR,"Korea, Rep.",East Asia & Pacific,High income,83.5268292682927,51718.2518656631,8.34412766,98.0692291259766,99.8371059639777,99.7784787407445,81.1616526507785,98.0,0.808
KWT,Kuwait,"Middle East, North Africa, Afghanistan & Pakistan",High income,78.7365853658537,50651.9575337091,5.37273169,95.3934020996094,100.0,100.0,100.0,94.0,2.148
LAO,Lao PDR,East Asia & Pacific,Lower middle income,67.807,8080.43553249923,2.74392009,59.8530595325837,87.5242448127318,83.0975867054683,37.338778268357,62.0,2.494
LBN,Lebanon,"Middle East, North Africa, Afghanistan & Pakistan",Lower middle income,73.65,11599.7755083765,4.40006208,67.5143617766569,92.6,99.2,89.965362045441,67.0,2.283
LBR,Liberia,Sub-Saharan Africa ,Low income,61.166,1539.20892304674,13.27175999,37.7416801452637,76.8629734925215,21.631407651363,53.9224618859098,58.0,4.089
LBY,Libya,"Middle East, North Africa, Afghanistan & Pakistan",Upper middle income,72.062,12641.5097714075,6.05457449,,95.5357202334962,88.8198215396721,87.8365018271835,73.0,2.462
LCA,St. Lucia,Latin America & Caribbean ,Upper middle income,69.119,19141.3272253168,6.26193285,88.7376327514648,97.6128621047241,83.3633139252982,27.4443458949551,77.0,1.399
LIE,Liechtenstein,Europe & Central Asia,High income,84.4024390243902,,5.38460207,118.726867675781,100.0,99.95,14.6989159370696,,1.53
LKA,Sri Lanka,South Asia,Upper middle income,76.278,14316.1352225567,5.19427729,89.8339685558794,89.5988356123165,94.2083491070029,19.8266275195269,97.0,1.995
LSO,Lesotho,Sub-Saharan Africa ,Lower middle income,54.209,2544.78249551214,10.66165733,59.3586515505342,76.300316439538,44.0363729437393,40.6551760851997,90.0,2.769
LTU,Lithuania,Europe & Central Asia,High income,74.0365853658537,45897.3715026327,7.73210812,105.67610168457,99.2383026544667,95.3414364231375,68.1912117004395,88.0,1.36
LUX,Luxembourg,Europe & Central Asia,High income,82.5975609756098,136772.443753292,5.60806084,106.482757568359,100.0,97.6077017276341,94.5861743396533,99.0,1.38
LVA,Latvia,Europe & Central Asia,High income,72.9804878048781,36912.0130602161,9.4105072,105.814010620117,98.6663184077259,92.0069797523466,68.1808791463693,97.0,1.57
MAC,"Macao SAR, China",East Asia & Pacific,High income,83.7292682926829,73374.4486829589,,88.5480769230769,100.0,100.0,100.0,,0.756
MAF,St. Martin (French part),Latin America & Caribbean ,High income,80.206,,,,99.9344584021259,100.0,100.0,,2.804
MAR,Morocco,"Middle East, North Africa, Afghanistan & Pakistan",Lower middle income,73.385,8623.265625,5.45314503,80.740396321068,89.0414569298463,87.3836441048483,62.3173276600289,99.0,2.288
MCO,Monaco,Europe & Central Asia,High income,85.113,,3.67494631,153.586303710938,100.0,100.0,100.0,88.0,2.122
MDA,Moldova,Europe & Central Asia,Upper middle income,68.991,15682.0703284653,7.7490406,96.5853430388789,91.4092054171204,85.1600042772456,41.8115425109863,83.0,1.751
MDG,Madagascar,Sub-Saharan Africa ,Low income,62.516,1577.43246056529,3.55335546,34.1320359801924,52.9732968597974,14.2229663442332,31.1137123216036,43.0,4.104
MDV,Maldives,South Asia,Upper middle income,78.052,19052.6224904311,8.85169506,69.8982015609094,99.675443163466,97.8641004075029,40.7398648710483,97.0,1.599
MEX,Mexico,Latin America & Caribbean ,Upper middle income,69.75,20782.5877440905,5.87678003,98.3202514648438,99.0090934864526,92.1526440010022,78.9324007418057,99.0,1.97
MHL,Marshall Islands,East Asia & Pacific,Upper middle income,65.421,6768.82579129624,12.49257088,94.7273914462945,87.579321179184,78.7159193807723,77.6163157431143,85.0,2.964
MKD,North Macedonia,Europe & Central Asia,Upper middle income,73.2463414634146,22144.1924252732,8.41851234,84.1619567871094,98.1308494044727,98.9748195551065,61.6841975628139,70.0,1.6
MLI,Mali,Sub-Saharan Africa ,Low income,59.116,2796.22793795431,3.54318666,37.9832691019192,82.2652506105548,43.8404477380485,29.7049638253978,72.0,5.779
MLT,Malta,"Middle East, North Africa, Afghanistan & Pakistan",High income,82.2585365853659,56823.9958525022,9.52782059,101.402908325195,99.9999977128228,99.9999977128228,95.5145343617045,90.0,1.13
MMR,Myanmar,East Asia & Pacific,Lower middle income,65.553,5178.44718217164,5.53530645,77.0191497802734,85.5310377931068,74.1054938787639,30.2368812529698,44.0,2.158
MNE,Montenegro,Europe & Central Asia,Upper middle income,73.8243902439024,23689.9791090651,10.55253506,93.1638412475586,99.2830138723667,97.7911092113251,65.3266031317675,18.0,1.75
MNG,Mongolia,East Asia & Pacific,Upper middle income,71.6451219512195,14792.2509086422,7.21042728,98.3276220923038,83.761628489025,70.1321116661664,69.2153244018555,95.0,2.8
MNP,Northern Mariana Islands,East Asia & Pacific,High income,78.16,,,,100.0,99.4974327439361,91.7842137303802,,2.441
MOZ,Mozambique,Sub-Saharan Africa ,Low income,60.268,1457.23540930922,8.64841366,37.2411918640137,60.34998629028,34.6331153020155,34.4499259401554,62.0,4.905
MRT,Mauritania,Sub-Saharan Africa ,Lower middle income,66.762,5836.56580821897,3.78022528,36.0277030077074,73.3049522964887,53.9267671870648,57.901535141641,75.0,4.848
MUS,Mauritius,Sub-Saharan Africa ,Upper middle income,73.680243902439,23010.2013826906,6.6160841,89.5019998431496,99.8537467482534,96.5249988240641,39.077147315722,97.0,1.42
MWI,Malawi,Sub-Saharan Africa ,Low income,64.782,1687.59358179651,7.5164628,35.8885917563293,70.6341661895421,47.1071277327455,16.4881925800694,90.0,3.791
MYS,Malaysia,East Asia & Pacific,Upper middle income,73.917,29822.8491831618,4.37438345,74.9618181140898,97.7858740262041,96.0173467621383,75.5088628191907,96.0,1.555
NAM,Namibia,Sub-Saharan Africa ,Lower middle income,60.85,9709.09930646771,10.19644737,83.3329528489539,85.3713640915778,37.6969593429633,49.0571881483796,91.0,3.303
NCL,New Caledonia,East Asia & Pacific,High income,77.113,,,,99.5386729881695,100.0,67.4130776539646,,2.012
NER,Niger,Sub-Saharan Africa ,Low income,59.542,1587.84784907329,5.81452751,23.7611505662509,51.4037852396431,14.973899415173,17.2295936666686,80.0,6.2
NGA,Nigeria,Sub-Saharan Africa ,Lower middle income,53.455,7588.47885587002,4.07625723,45.444938659668,77.8385518833185,45.4491559568794,60.5698545383604,56.0,4.636
NIC,Nicaragua,Latin America & Caribbean ,Lower middle income,70.478,7119.16874782601,9.54984856,,,,58.8592529296875,83.0,2.265
NLD,Netherlands,Europe & Central Asia,High income,81.309756097561,68573.5648786447,11.13498974,135.962173461914,99.9999991132456,97.6777500278997,94.6294783220315,93.0,1.62
NOR,Norway,Europe & Central Asia,High income,83.1634146341463,92205.7698636049,9.8142643,119.816871643066,99.999996677432,98.0500277378087,82.8612877226956,97.0,1.55
NPL,Nepal,South Asia,Lower middle income,68.385,4546.22970006289,5.53498316,83.9220209713597,92.0505329995059,75.8233419830013,66.144235274522,90.0,2.025
NRU,Naoero,East Asia & Pacific,High income,61.331,12113.787764494,10.85399055,80.2433776855469,97.9304771849756,70.2704718524126,100.0,98.0,3.425
NZL,New Zealand,East Asia & Pacific,High income,82.2073170731707,48202.0913368233,9.55072403,117.595428466797,99.9999956407702,99.9999956407702,83.8299382585905,91.0,1.65
OMN,Oman,"Middle East, North Africa, Afghanistan & Pakistan",High income,75.969,38719.4587682049,4.34468651,94.287268445183,92.3097194594894,99.3204402699812,80.1239942103569,99.0,2.588
PAK,Pakistan,"Middle East, North Africa, Afghanistan & Pakistan",Lower middle income,65.773,5367.27364714762,2.99015832,40.2578898404389,90.5243087608224,69.8533376726557,37.9333395514173,81.0,3.72
PAN,Panama,Latin America & Caribbean ,High income,77.004,30932.7627780514,9.13571072,76.5998992919922,94.6436730326195,85.5096832210543,65.8092302689169,92.0,2.152
PER,Peru,Latin America & Caribbean ,Upper middle income,71.596,15285.7706852395,6.67309427,101.589141845703,93.9287808522473,77.2143581209312,83.9480118272361,78.0,2.029
PHL,Philippines,East Asia & Pacific,Upper middle income,66.675,8857.78995115514,5.97500563,85.8666475631511,94.6741026690457,83.6784077055498,54.4504102510776,64.0,1.95
PLW,Palau,East Asia & Pacific,High income,68.563,16312.190220013,14.55276012,102.280826799715,99.5219466683348,98.7826866864938,79.0890798782416,93.0,1.95
PNG,Papua New Guinea,East Asia & Pacific,Lower middle income,64.358,3977.44297360749,2.33994722,45.848952374731,50.3501518830702,22.5229636359759,14.4398342822353,35.0,3.215
POL,Poland,Europe & Central Asia,High income,75.3512195121951,41059.5847829682,6.3654809,110.52970123291,91.710929872632,98.9573598717452,59.8096513205543,91.0,1.33
PRI,Puerto Rico (US),Latin America & Caribbean ,High income,79.77,40559.226188957,,88.8774795532227,100.0,100.0,94.0550712597302,,0.907
PRK,"Korea, Dem. People's Rep.",East Asia & Pacific,Low income,73.437,,,94.2515411376953,93.8651377109975,84.7140378530296,62.926560562457,99.0,1.806
PRT,Portugal,Europe & Central Asia,High income,81.3780487804878,38657.6677223429,11.22031498,118.984870910645,99.2456792845516,99.6623109186367,61.0951249296597,98.0,1.35
PRY,Paraguay,Latin America & Caribbean ,Upper middle income,68.108,15400.9446332428,8.03277016,84.787987118923,99.3305060939918,93.3920477799252,67.3058612772421,68.0,2.469
PSE,West Bank and Gaza,"Middle East, North Africa, Afghanistan & Pakistan",Lower middle income,73.89,5663.12160743584,10.4347353,91.0094011735985,98.8663957531696,99.0621470403227,86.334956387337,98.0,3.442
PYF,French Polynesia,East Asia & Pacific,High income,79.571,,,,100.0,97.5429803887293,61.7399813226008,,1.532
QAT,Qatar,"Middle East, North Africa, Afghanistan & Pakistan",High income,81.083,116832.570294098,2.8927927,95.6694483531864,99.9828259022685,99.9365453448301,99.203408908243,99.0,1.605
ROU,Romania,Europe & Central Asia,High income,72.809756097561,37534.0002643549,6.45246983,86.1970901489258,100.0,88.6956428751098,52.2321512130811,86.0,1.81
RUS,Russian Federation,Europe & Central Asia,High income,69.900243902439,38638.4296875,7.0299139,92.171155276901,96.8045794762189,90.3506542509722,74.7516840220252,97.0,1.505
RWA,Rwanda,Sub-Saharan Africa ,Low income,66.85,2776.39276387923,6.23147202,44.1820840550314,59.6381227763257,77.3571126484404,26.1049092762833,87.0,3.841
SAU,Saudi Arabia,"Middle East, North Africa, Afghanistan & Pakistan",High income,77.089,62690.4966645929,5.93033648,104.280975297041,99.0455148837977,97.5922328659359,83.9716349986538,98.0,2.17
SDN,Sudan,Sub-Saharan Africa ,Low income,64.46,3248.9755859375,2.9669323,43.5378608703613,62.0626646208018,56.9352476681987,34.6421563427994,81.0,4.457
SEN,Senegal,Sub-Saharan Africa ,Lower middle income,66.868,4173.67741399617,4.44256258,45.1726204964815,84.636074800772,59.3441523766207,52.2260292191155,88.0,3.936
SGP,Singapore,East Asia & Pacific,High income,83.0926829268293,133990.186782104,5.14599705,102.951274385922,100.0,100.0,100.0,96.0,1.12
SLB,Solomon Islands,East Asia & Pacific,Lower middle income,68.89,2450.18399709553,4.94795895,,71.2454871530386,33.9057348441726,28.6889396820578,67.0,3.694
SLE,Sierra Leone,Sub-Saharan Africa ,Low income,60.26,2849.38865839009,5.07244635,73.4251403808594,64.5803175608776,21.9564987659226,43.7345385973699,87.0,3.978
SLV,El Salvador,Latin America & Caribbean ,Upper middle income,69.941,10809.713399518,10.12668991,64.9813787512946,90.421388926903,87.2765374387919,73.6838531494141,97.0,1.803
SMR,San Marino,Europe & Central Asia,High income,83.539,64745.1322795901,7.51272249,61.0071942446043,100.0,100.0,97.1035668453272,89.0,1.125
SOM,"Somalia, Fed. Rep.",Sub-Saharan Africa ,Low income,55.703,1392.31782053371,2.73509169,,67.9535994970856,41.3196817201459,52.9060649733324,58.0,6.353
SRB,Serbia,Europe & Central Asia,Upper middle income,72.780487804878,23406.3065657117,9.23441029,92.3795013427734,95.4256771978758,97.9231088276216,61.363899230957,75.0,1.52
SSD,South Sudan,Sub-Saharan Africa ,Low income,57.047,1154.88686304107,6.30117083,11.5348100662231,39.6554918601002,13.6458281034803,20.4811115270532,74.0,4.047
STP,Sao Tome and Principe,Sub-Saharan Africa ,Lower middle income,68.026,5732.69456061536,7.85889721,90.4435729980469,77.1104795429933,48.4573502739393,68.1738967895508,77.0,3.759
SUR,Suriname,Latin America & Caribbean ,Upper middle income,68.943,18458.234999681,5.01704168,65.6294708251953,97.9911262229976,89.9622405684379,65.9853973388672,58.0,2.295
SVK,Slovak Republic,Europe & Central Asia,High income,74.6146341463415,38330.302743447,7.62857914,91.0899124145508,99.7874622291047,97.5341310938748,53.1901479870605,95.0,1.63
SVN,Slovenia,Europe & Central Asia,High income,80.6756097560976,45922.6632600134,9.52724361,108.17887878418,99.5845624791202,98.3111577508786,55.3046289429588,95.0,1.64
SWE,Sweden,Europe & Central Asia,High income,83.0560975609756,62190.8526983825,11.23013592,138.688186645508,99.7393684296399,98.7911500544417,88.1741651958315,97.0,1.67
SWZ,Eswatini,Sub-Saharan Africa ,Lower middle income,58.228,9990.43491951205,7.40552139,82.023935767308,76.7260694607932,62.6692355268683,25.0156180525173,80.0,2.841
SXM,Sint Maarten (Dutch part),Latin America & Caribbean ,High income,74.505,40507.0672411717,,,99.3111793297519,98.7810265603988,100.0,,1.456
SYC,Seychelles,Sub-Saharan Africa ,High income,73.3975609756097,29979.8272686091,5.2088151,102.952278242114,97.2072138644351,98.8985665517452,44.6026796065539,94.0,2.38
SYR,Syrian Arab Republic,"Middle East, North Africa, Afghanistan & Pakistan",Low income,72.418,4765.52911357702,3.50403309,39.4595794677734,94.0536912960994,94.6418305675614,73.0125007629395,70.0,2.798
TCA,Turks and Caicos Islands,Latin America & Caribbean ,High income,77.234,25056.4880515569,,98.0016021728516,98.7876500176188,93.1426950995276,93.4467025398547,,1.501
TCD,Chad,Sub-Saharan Africa ,Low income,53.136,2435.07274651099,3.9722333,23.1541767734797,51.8991024750567,12.823518442494,25.2312246423075,53.0,6.255
TGO,Togo,Sub-Saharan Africa ,Lower middle income,61.337,2952.09730066985,5.6165967,63.0669365853803,62.4040009740747,23.7836212231427,42.3105904515122,77.0,4.323871
THA,Thailand,East Asia & Pacific,Upper middle income,77.606,20236.9760408784,5.15399981,84.6644528199547,99.9512350608319,98.3663780543942,58.5087776184082,93.0,1.234
TJK,Tajikistan,Europe & Central Asia,Lower middle income,69.594,3985.91247611219,8.37504482,91.2751683038557,87.724619438918,95.98782600032,26.1991525151375,97.0,3.17
TKM,Turkmenistan,Europe & Central Asia,Upper middle income,69.353,16259.8700051884,5.49196625,89.9339065551758,99.6108510416355,99.7409287319658,47.0581410301711,97.0,2.754
TLS,Timor-Leste,East Asia & Pacific,Lower middle income,66.199,6825.0458085995,4.9192977,84.7410404382553,82.6385824192743,65.5812259785817,28.7927371734472,72.0,2.892
TON,Tonga,East Asia & Pacific,Upper middle income,72.13,6930.06482518663,7.06254101,106.143896523848,98.7654258730206,93.6491554246251,21.258003897665,99.0,3.198
TTO,Trinidad and Tobago,Latin America & Caribbean ,High income,71.111,30482.1201798631,7.20521307,,98.8610651706074,94.2194207686008,53.9421278853848,93.0,1.559
TUN,Tunisia,"Middle East, North Africa, Afghanistan & Pakistan",Lower middle income,72.893,12444.3264026887,7.34183979,90.3264236450195,95.5312981932344,96.2856817943005,69.3997523770568,95.0,1.8
TUR,Turkiye,Europe & Central Asia,Upper middle income,75.722,32105.5474400506,4.56065559,114.147331237793,95.9614082696356,99.2429248259355,89.1762048153239,96.0,1.71
TUV,Tuvalu,East Asia & Pacific,Upper middle income,65.824,5551.80841999248,18.57411194,88.8804841149773,98.798446877674,88.424780639943,62.6098296425994,93.0,3.277
TZA,Tanzania,Sub-Saharan Africa ,Lower middle income,66.131,3493.0830078125,3.46963334,28.231330871582,59.9769893426504,32.6535108479798,34.3500111758619,80.0,4.734
UGA,Uganda,Sub-Saharan Africa ,Low income,66.45,2684.92035939744,5.47374916,,57.9452003284678,22.789614286416,29.2362957789022,90.0,4.51
UKR,Ukraine,Europe & Central Asia,Upper middle income,71.631,17846.408203125,8.2027483,84.6516335033103,93.4969374195088,97.4790947349818,69.4027032653896,89.0,1.148
URY,Uruguay,Latin America & Caribbean ,High income,75.434,29431.8738833361,8.91955471,119.826342137062,99.5860335482368,98.3535399904896,95.4497146606445,93.0,1.446
USA,United States,North America,High income,76.3292682926829,71441.231980595,17.35207748,101.192489624023,99.894943997231,99.6486733885848,80.0074765140272,92.0,1.664
UZB,Uzbekistan,Europe & Central Asia,Lower middle income,71.681,9705.60054565692,6.92742586,97.2589036917117,96.2897455645648,96.1847033375418,50.9269905090332,99.0,3.273
VCT,St. Vincent and the Grenadines,Latin America & Caribbean ,Upper middle income,69.132,16200.8994597845,5.26607132,130.489101541733,97.7283062747314,89.7010629819102,47.4554100739049,96.0,1.808
VEN,"Venezuela, RB",Latin America & Caribbean ,Lower middle income,71.536,,4.1022191,83.9518280029297,93.5087058493878,97.0023571451138,89.1766444746891,68.0,2.105
VGB,British Virgin Islands,Latin America & Caribbean ,High income,75.297,,,75.2016129032258,99.8643835616439,96.8579794836767,53.972618684518,,0.999
VIR,Virgin Islands (U.S.),Latin America & Caribbean ,High income,80.0682926829268,46893.5496988741,,,99.4216676526914,99.2489130778912,95.1604310610968,,2.01
VNM,Viet Nam,East Asia & Pacific,Upper middle income,74.145,12048.9019935536,4.53792429,92.7690209240401,96.9270863481492,90.4559668368841,36.6540656426603,89.0,1.942
VUT,Vanuatu,East Asia & Pacific,Lower middle income,69.952,3546.08021896872,4.58828115,62.9433097839355,86.9249066053473,48.9569658031251,22.2501822422475,50.0,3.696
WSM,Samoa,East Asia & Pacific,Upper middle income,71.096,6350.92787033711,7.19651461,87.3532286947715,97.3015545518519,96.3448273060741,17.5672426452007,62.0,3.94
XKX,Kosovo,Europe & Central Asia,Upper middle income,74.981,12362.4210181213,,,,,46.4995789423362,,1.561
YEM,"Yemen, Rep.","Middle East, North Africa, Afghanistan & Pakistan",Low income,66.019,,9.44125366,43.6906890869141,69.9256117406169,60.6660832932611,36.0704951256305,51.0,4.597
ZAF,South Africa,Sub-Saharan Africa ,Upper middle income,62.01,13681.9548144813,8.6645031,106.443303990911,90.9231026021655,75.5483071505453,63.4503925883909,87.0,2.248
ZMB,Zambia,Sub-Saharan Africa ,Lower middle income,62.363,3503.03491418372,6.63951397,,70.2228298527718,35.2442051458646,44.2353731410926,90.0,4.246
ZWE,Zimbabwe,Sub-Saharan Africa ,Lower middle income,60.135,4827.10960165994,2.67111874,,67.162605340134,34.6099501611517,37.8692058859373,88.0,3.765
